workstream_id,request_id,owner_role,domain,title,status,dependency_ids,evidence_refs,updated_at
WS-01,DEVREQ-CYCLE-EVT-20260803-001,ENG-01,engineering_coordination,Engineering Coordination: sandwich dpwnload manager,completed,,"Created a machine-readable coordination record containing the owned sequence, complete dependency register, four-blocker register, acceptance traceability, implementation notes, and known risks.|Coordination validation passed: all 15 workstreams occur exactly once across six execution stages.|Acceptance traceability validation passed for AC-01 through AC-30.|git diff --check passed.|Artifact SHA-256: e748bee047e0232548a4af97d734fcedeb7e174303e89a23d48a8abfc2476a36; size: 7313 bytes.|No user-visible behavior was changed, so browser or equivalent runtime testing was not applicable to this coordination-only workstream.",2026-08-03T14:14:22.361Z
WS-02,DEVREQ-CYCLE-EVT-20260803-001,ENG-02,solution_architecture,Solution Architecture: sandwich dpwnload manager,completed,WS-01,"Created a machine-readable solution-architecture record containing system impact analysis, four proposed architecture decisions with alternatives and trade-offs, shared-domain boundaries, component topology, platform impacts, capability scope, traceability, implementation notes, and risks.|Architecture validation passed: 4 decisions, 3 platform records, 7 topology components, 10 capability classifications, and 6 acceptance-traceability groups.|The design centralizes download state transitions and policies in one shared domain/service boundary consumed by UI and platform adapters.|Architecture approval is explicitly blocked pending human product-owner decisions; the artifact makes no implementation, release, production, or independent-verification claim.|git diff --check and the new-file whitespace check passed.|Artifact SHA-256: b5aa5cf648d3123dec4894104ffd2fea168d76c2dad3828de9f897f17c7bebd6; size: 14082 bytes.|No user-visible behavior was implemented, so DOM, browser, integration, or equivalent runtime testing was not applicable.",2026-08-03T14:14:22.361Z
WS-03,DEVREQ-CYCLE-EVT-20260803-001,ENG-03,frontend_accessibility,Frontend and Accessibility: sandwich dpwnload manager,completed,WS-02,"Created a machine-readable frontend and accessibility review covering state-aware interaction contracts, keyboard operation, focus visibility, accessible naming, progress announcements, errors, contrast, scaling, reduced motion, usability research, and runtime acceptance scenarios.|Traceability covers AC-05, AC-02, AC-16, AC-17, AC-22, AC-23, and AC-27 while explicitly identifying missing product, platform, and research decisions.|The review requires UI adapters to consume the shared download domain and prohibits redefining state, retry, resume, cancellation, conflict, or recovery business rules.|Validation passed with 8 accessibility requirements and 6 real-runtime acceptance scenarios.|git diff --check and the new-file whitespace check passed.|Artifact SHA-256: 89503ced9ea0f52fee57e8d9bb8c47b6d7a66faafb9b6429aef026dc6b705aff; size: 8974 bytes.|No application runtime exists, so no user-visible behavior was implemented or claimed; the review requires real DOM or native accessibility-tree, keyboard, screen-reader, integration, and platform-runtime evidence before implementation completion.",2026-08-03T14:14:22.361Z
WS-04,DEVREQ-CYCLE-EVT-20260803-001,ENG-04,backend_api_integration,"Backend, API, and Integration: sandwich dpwnload manager",completed,WS-02,"Created an inspectable backend/API/integration review defining one shared domain-service boundary, seven domain commands, adapter responsibilities, recovery and security contracts, and six future executable verification scenarios.|JSON parsing passed: JSON_OK recordId=BAI-DEVREQ-CYCLE-EVT-20260803-001 status=review-completed-implementation-blocked commands=7 scenarios=6.|Required backend/API/integration acceptance traceability check passed for 12 applicable criteria.|git diff --check exited 0; its only output was an existing line-ending warning for engineering/taskboard/workstreams.csv.|Artifact SHA-256: 4C88F041CD9AA94F2C75ED7E52E110A1E98A500470821956B8332136D95DA37A.|Git status confirmed the sole WS-04 artifact as untracked at docs/backend-api-integration/DEVREQ-CYCLE-EVT-20260803-001-backend-api-integration-review.json.",2026-08-03T14:14:22.361Z
WS-05,DEVREQ-CYCLE-EVT-20260803-001,ENG-05,mobile_desktop_clients,Client Applications: sandwich dpwnload manager,completed,WS-02,"Created an inspectable client-applications review defining the shared-domain client boundary, platform capability matrix, capability dispositions, implementation gates, runtime scenarios, traceability, and known risks.|Validation passed: recordId=CLIENT-DEVREQ-CYCLE-EVT-20260803-001, status=review-completed-implementation-blocked, platforms=3, scenarios=6, traceability references=12.|The review requires Windows, macOS, and Linux clients to consume one UI-independent download domain service and prohibits client adapters from redefining download business rules.|No speculative client scaffold was created because the first platform, UI technology, supported versions, MVP policies, and executable shared service remain unresolved.|git diff --check and the new-file whitespace check exited successfully; warnings only reported future LF-to-CRLF conversion.|Artifact SHA-256: 70BB4C1FF923CEDAC96FB17DD6D5ACCEA757032821DF21AB76F952B905AF898E; size: 12355 bytes.|No user-visible behavior was implemented because no executable client exists; the artifact requires real desktop runtime, accessibility-tree, keyboard, filesystem, restart, and controlled-network tests before behavioral claims.",2026-08-03T14:14:22.361Z
WS-06,DEVREQ-CYCLE-EVT-20260803-001,ENG-06,database_storage,Database and Storage: sandwich dpwnload manager,completed,WS-02,"Created a machine-readable database and storage plan covering the logical data model, atomic metadata/filesystem protocol, restart reconciliation, reversible migrations, backup and restore, rollback, candidate indexes, capacity planning, security controls, validation scenarios, implementation notes, and DEVREQ traceability.|The plan preserves one shared business-rule boundary: storage adapters persist accepted shared-domain snapshots and recovery facts but cannot decide or redefine state transitions or download policies.|Machine validation passed: 2 aggregates, 8 migration tests, 5 restore steps, 3 candidate indexes, and 5 acceptance-traceability groups.|Security review notes exclude credentials, cookies, authorization headers, raw headers, telemetry, and downloaded content from metadata; require URL redaction, user-only permissions, protected backups, and OS credential storage if authenticated downloads are approved.|git diff --check and the new-file whitespace check passed.|Artifact SHA-256: 3739bf0b471165c99ea05559016f67da6a2b8eedce6e64cb1cd4106ea1636292; size: 16696 bytes.|No user-visible behavior or executable storage adapter exists, so DOM, browser, integration-runtime, and application automated tests were not applicable. Independent verification remains reserved for ENG-15.",2026-08-03T14:14:22.361Z
WS-07,DEVREQ-CYCLE-EVT-20260803-001,ENG-07,data_analytics_ai,"Data, Analytics, and AI: sandwich dpwnload manager",completed,WS-02,"Created a machine-readable data, analytics, and AI review with dependency traceability, domain dispositions, measurement boundaries, a non-authorizing candidate event contract, security/privacy controls, implementation notes, and known risks.|Telemetry is explicitly not approved and absent by default; AI is deferred because no validated use case requires probabilistic inference.|The review keeps download states, transitions, and policies in the shared domain service. Any future analytics adapter may consume only approved redacted domain outputs and may not redefine business rules.|Validation passed: 3 candidate events, 4 traceability entries, and 6 required security/privacy tests before any telemetry enablement.|Security review found that introducing no analytics SDK, provider, model, or pipeline avoids adding an unapproved data-exfiltration or model-supply-chain boundary; no runtime security outcome is claimed.|git diff --check and the new-file whitespace check passed.|Artifact SHA-256: f6a878ddee019fef63726530daf9a06ded18e5ac8b741066974d947b8ba41c11; size: 10652 bytes.|No user-visible behavior was implemented, so DOM, browser, integration, or equivalent runtime testing was not applicable.",2026-08-03T14:14:22.361Z
WS-08,DEVREQ-CYCLE-EVT-20260803-001,ENG-08,platform_cloud_network,"Platform, Cloud, and Network: sandwich dpwnload manager",completed,WS-02,"Created a machine-readable platform, cloud, and network review covering the local-first deployment model, network contract, resource guardrails, adversarial scenarios, platform delivery matrix, browser boundary, build and release gates, observability, costs, validation, traceability, and risks.|The review preserves one shared download domain and transfer-service boundary consumed by platform, network, browser, packaging, and update adapters.|Security review content covers TLS fail-closed behavior, scheme allow-listing, bounded redirects and retries, sensitive-log redaction, browser isolation, signing custody, provenance, SBOMs, dependency and secret scanning, rollback, and adversarial network testing.|Validation passed: 3 platform records, 7 network policies, 6 adversarial scenarios, and 5 acceptance-traceability groups.|git diff --check and the new-file whitespace check passed.|Artifact SHA-256: faa6fb21731353e1413c6817bb9f041bed1b9e147fcdb428c5dbc0ce5c8568ea; size: 12803 bytes.|No user-visible behavior was implemented, so DOM, browser, integration, or equivalent runtime testing was not applicable.",2026-08-03T14:14:22.361Z
WS-09,DEVREQ-CYCLE-EVT-20260803-001,ENG-09,security_privacy_compliance,"Security, Privacy, and Compliance: sandwich dpwnload manager",completed,WS-02|WS-03|WS-04|WS-05|WS-06|WS-07|WS-08|WS-11|WS-12|WS-13,"Created a machine-readable security, privacy, compliance, and supply-chain review scoped to DEVREQ-CYCLE-EVT-20260803-001.|JSON parsing and contract checks passed for planId ENGPLAN-CYCLE-EVT-20260803-001 and workstreamId WS-09.|Inspectable result contains 8 threat scenarios, 7 trust boundaries, 7 security acceptance gates, and 6 traceability mappings.|SHA-256: 50287EC2AC7D757835A8FBB0752A2911876A78DBF4C94E81DD68CFC61E9648A5.|git diff --check exited successfully. The only reported warning concerned a pre-existing out-of-boundary taskboard file.|Repository inspection found no executable source, dependency manifest, lockfile, CI workflow, package, SBOM, provenance, or signing material; the review records supply-chain verification as blocked rather than passed.|No user-visible behavior was introduced, so DOM/browser/runtime behavioral verification was not applicable.",2026-08-03T14:14:22.361Z
WS-10,DEVREQ-CYCLE-EVT-20260803-001,ENG-10,quality_test_automation,Quality Engineering: sandwich dpwnload manager,completed,WS-03|WS-04|WS-05|WS-06|WS-07|WS-08|WS-11|WS-12|WS-13|WS-09,"Planning-evidence contract suite passed with 12 records inspected and zero failures.|All required planning records parsed as JSON and matched requestId DEVREQ-CYCLE-EVT-20260803-001 and planId ENGPLAN-CYCLE-EVT-20260803-001.|Automated checks confirmed one shared Download domain owner, explicitly blocked/proposed architecture status, ENG-15 independent-verifier reservation, and traceability of all seven canonical download states.|git diff --check exited successfully.|git status identified only the new docs/quality-test-automation and tests paths within this workstream boundary.",2026-08-03T14:14:22.361Z
WS-11,DEVREQ-CYCLE-EVT-20260803-001,ENG-11,sre_observability_performance,"SRE, Observability, and Performance: sandwich dpwnload manager",completed,WS-02,"Created a machine-readable SRE, observability, performance, and recovery plan covering service objectives, local diagnostics, opt-in requirements for any future remote telemetry, cardinality controls, performance workloads, recovery fault injection, evidence capture, and operational signals.|Validation passed: 5 service objectives, 5 performance cases, 6 recovery cases, and 5 telemetry event definitions.|The plan explicitly keeps state transitions, retry, resume, cancellation, destination, finalization, and recovery rules in the shared download domain and transfer service; telemetry and other adapters only observe facts.|Security/privacy review evidence: remote telemetry is absent by default, diagnostic fields use an allow-listed envelope, and raw URLs, authorization data, cookies, credentials, paths, filenames, contents, IP addresses, and stable device identifiers are prohibited.|Performance and recovery evidence is accurately recorded as unavailable: the repository has no executable application, approved first platform, approved workload, or numerical resource baseline. Candidate targets are labeled unmeasured rather than presented as achieved results.|No user-visible behavior was implemented, so DOM, browser, integration, or equivalent runtime testing was not applicable.|git diff --check and the new-file whitespace check passed.|Artifact SHA-256: a3afe510d7b62d993ad6947492ab8a77500adf7b6d2fd66f11d318ee6b9dd190; size: 13218 bytes.",2026-08-03T14:14:22.361Z
WS-12,DEVREQ-CYCLE-EVT-20260803-001,ENG-12,devex_ci_cd_release,Developer Experience and Delivery: sandwich dpwnload manager,completed,WS-02,"Created a machine-readable developer-experience and delivery plan covering repository boundaries, local command interfaces, CI gates, runner isolation, immutable artifact promotion, staged release controls, supply-chain security, secrets, developer onboarding, test levels, and release-readiness gates.|The plan preserves one shared download domain/service implementation for business rules and requires all UI and platform adapters to consume it.|Automated validation passed: 4 architecture decisions traced, 6 pull-request gates, 4 release stages, 6 readiness gates, and 6 acceptance-traceability groups.|Security inspection found 4 explicit secret controls and a pull-request gate for vulnerability and secret scanning; pull-request jobs are specified as credential-free and unable to publish or sign.|Release automation remains intentionally uncreated because no approved stack, lockfile, executable source, or test runner exists; signing and publication remain blocked by ADR-04 and separate human approval.|git diff --check and new-file whitespace validation passed. The implementation diff contains 1 file with 116 insertions.|Artifact SHA-256: 0bef55808de87db57840cc778b2fefbecdca63741c294746fd01b2590b49cdc1; size: 12249 bytes.|No user-visible behavior was implemented, so DOM, browser, integration, or equivalent runtime testing was not applicable.",2026-08-03T14:14:22.361Z
WS-13,DEVREQ-CYCLE-EVT-20260803-001,ENG-13,seo_web_discovery,SEO and Web Discovery: sandwich dpwnload manager,completed,WS-02,"Created a machine-readable technical SEO assessment covering crawlability, indexing, status codes, canonicals, redirects, metadata, social previews, structured data, internal links, localization, pagination, mobile rendering, accessibility, and Core Web Vitals.|Repository inspection found no application source, package manifest, HTML, web routes, robots.txt, sitemap, web manifest, runnable DOM, staging origin, or public web deployment to test.|The assessment records each unavailable runtime check as not applicable, deferred, or not testable with a concrete follow-up trigger; it does not invent URLs, product claims, structured data, or ranking outcomes.|The future web-surface contract requires adapters to consume the WS-02 shared download domain rather than duplicate download business rules.|JSON validation passed with 7 technical SEO checks and 4 acceptance-traceability groups.|git diff --check and the new-file whitespace check passed.|Artifact SHA-256: acd0b60dbe791fe7b471a66b5957720c8b275672c0ff88709db2d4d7e1f0b1a0; size: 7997 bytes.|Security scope review passed: no credential-like assignments were detected, and production/data access is explicitly excluded.|No user-visible behavior was implemented, so a DOM, browser, integration, or equivalent runtime behavioral test was not applicable.",2026-08-03T14:14:22.361Z
WS-14,DEVREQ-CYCLE-EVT-20260803-001,ENG-14,technical_documentation,Technical Documentation: sandwich dpwnload manager,completed,WS-02|WS-03|WS-04|WS-05|WS-06|WS-07|WS-08|WS-11|WS-12|WS-13,"Created machine-readable architecture and operating documentation with canonical dependency references, component responsibilities, shared-domain rule ownership, data-safety invariants, an operator runbook, incident triage, migration guidance, verification levels, implementation notes, and known limitations.|Traceability validation passed: all AC-01 through AC-30 are represented across seven traceability groups without claiming unavailable product approval or runtime evidence.|Planning-evidence contract suite passed with 12 records inspected and zero failures.|Shared business-rule validation passed: download states, retry, resume, cancellation, destination conflict, finalization, recovery, and integrity policies remain owned by one shared download domain and transfer service consumed by adapters.|The guide records five incident scenarios, seven architecture components, 11 canonical dependency references, and explicit local/test/staging-only operating constraints.|git diff --check and new-file whitespace validation passed; only line-ending warnings were reported.|Artifact SHA-256: E209A340878D7251507DC42CB08AE024BAAEA95A21C09C4C24ABE12A6A369676; size: 14526 bytes.|No user-visible behavior was implemented, and no executable application exists, so DOM, browser, integration, or equivalent runtime behavioral testing was not applicable.",2026-08-03T14:14:22.361Z
WS-15,DEVREQ-CYCLE-EVT-20260803-001,ENG-15,independent_engineering_verification,Independent Engineering Verification: sandwich dpwnload manager,completed,WS-01|WS-02|WS-03|WS-04|WS-05|WS-06|WS-07|WS-08|WS-09|WS-10|WS-11|WS-12|WS-13|WS-14,"Repository-native planning-evidence contract completed with exit code 0: status passed, 12 required records inspected, and no reported failures.|The contract reproduced request and plan traceability for all 12 required records, confirmed one shared Download domain owner, reserved ENG-15 as independent verifier, and found queued, active, paused, cancelled, failed, interrupted, and completed state traces.|Independent parsing inspected all 14 JSON documents under docs with zero parse errors.|SHA-256 hashes were produced for all 14 documentation records and tests/quality/validate-planning-evidence.ps1, providing content-specific evidence for the inspected untracked implementation files.|WS-01 through WS-14 result records were present and each reported status completed with implementationRevision pending.|git diff --check completed with exit code 0 and no whitespace errors.|Initial and final git status showed the same pre-existing tracked modification plus untracked orchestration, docs, and tests content; this verifier made no repository edits.|Evidence consistently limits claims to planning/review completion: architecture remains proposed-blocked-pending-human-decisions, implementation/runtime/release evidence remains blocked where applicable, and no product implementation or release-readiness claim was made.",2026-08-03T14:14:22.361Z
